Session_ID,User_ID,Session_Date,Session_Duration_Minutes,Pages_Visited,Source
1,107,2023-05-11,3,9,Instagram
2,37,2023-01-18,12,7,Twitter
3,490,2023-02-27,21,9,Google
4,18,2023-03-01,13,6,Facebook
5,52,2023-04-16,21,10,Instagram
6,379,2023-02-19,50,14,LinkedIn
7,145,2023-03-02,41,11,Twitter
8,225,2023-04-03,20,13,Twitter
9,69,2023-04-21,50,13,LinkedIn
10,58,2023-02-25,48,14,Instagram
11,62,2023-02-23,30,4,Google
12,408,2023-02-23,49,6,LinkedIn
13,15,2023-03-14,55,12,Google
14,323,2023-05-24,30,11,Twitter
15,453,2023-02-04,54,12,Twitter
16,336,2023-01-03,39,8,Instagram
17,347,2023-01-04,21,11,Google
18,440,2023-03-19,16,3,Facebook
19,261,2023-01-03,2,5,Twitter
20,222,2023-03-17,42,8,Google
21,353,2023-01-09,29,8,Facebook
22,173,2023-02-19,17,8,Facebook
23,35,2023-02-04,51,13,LinkedIn
24,35,2023-01-05,59,1,Instagram
25,406,2023-01-19,6,4,Facebook
26,245,2023-05-09,51,1,Instagram
27,9,2023-05-24,28,1,Google
28,108,2023-05-31,53,14,Twitter
29,28,2023-02-05,4,6,LinkedIn
30,290,2023-04-05,16,6,Google
31,57,2023-02-27,23,4,Twitter
32,357,2023-01-18,21,5,Twitter
33,399,2023-04-09,21,10,LinkedIn
34,315,2023-05-21,12,12,Twitter
35,288,2023-03-24,32,2,Google
36,81,2023-01-14,48,9,LinkedIn
37,249,2023-02-23,44,5,Google
38,251,2023-03-04,17,1,LinkedIn
39,120,2023-03-23,47,11,Google
40,400,2023-03-12,57,6,Google
41,341,2023-01-21,4,2,Twitter
42,135,2023-05-15,52,12,Google
43,410,2023-01-02,22,2,Google
44,137,2023-05-26,20,6,Twitter
45,154,2023-01-30,38,3,Instagram
46,149,2023-04-12,47,9,Facebook
47,480,2023-04-02,22,10,LinkedIn
48,354,2023-02-14,31,9,Google
49,226,2023-02-21,9,1,Google
50,395,2023-04-11,7,12,Facebook
51,34,2023-01-13,50,12,Google
52,355,2023-05-16,28,11,Twitter
53,52,2023-02-13,12,3,Twitter
54,342,2023-05-20,10,8,LinkedIn
55,493,2023-05-15,45,2,Google
56,240,2023-02-16,41,10,LinkedIn
57,431,2023-01-01,13,5,Facebook
58,114,2023-04-03,26,14,Facebook
59,374,2023-03-04,44,4,Google
60,448,2023-05-08,56,3,LinkedIn
61,484,2023-02-08,46,6,Twitter
62,454,2023-05-20,23,2,Google
63,404,2023-02-04,46,6,Twitter
64,177,2023-01-13,59,11,Google
65,150,2023-01-28,36,11,LinkedIn
66,130,2023-03-04,28,8,Twitter
67,181,2023-04-18,58,9,Google
68,498,2023-05-12,19,7,Instagram
69,233,2023-04-16,53,12,Instagram
70,250,2023-04-07,59,10,Facebook
71,206,2023-03-28,10,1,Instagram
72,485,2023-04-26,50,11,LinkedIn
73,184,2023-01-23,42,13,Twitter
74,29,2023-03-20,59,1,Facebook
75,122,2023-05-20,42,5,Twitter
76,299,2023-04-17,38,14,LinkedIn
77,193,2023-01-21,29,12,Facebook
78,483,2023-01-06,4,5,Facebook
79,144,2023-01-15,38,5,Instagram
80,411,2023-04-01,33,9,Twitter
81,270,2023-01-19,21,11,Facebook
82,481,2023-06-01,17,13,Facebook
83,114,2023-02-14,21,6,Google
84,20,2023-02-26,16,6,Google
85,80,2023-04-03,2,5,Facebook
86,372,2023-04-22,26,3,LinkedIn
87,500,2023-02-25,33,12,Instagram
88,468,2023-03-21,36,12,Twitter
89,85,2023-04-29,48,12,Google
90,30,2023-01-29,54,3,Instagram
91,69,2023-05-29,8,1,LinkedIn
92,20,2023-03-28,56,11,LinkedIn
93,262,2023-05-17,21,7,Instagram
94,106,2023-03-18,2,11,Twitter
95,40,2023-04-10,27,1,LinkedIn
96,78,2023-03-14,54,4,Instagram
97,240,2023-04-26,15,8,Facebook
98,295,2023-05-11,35,1,Facebook
99,356,2023-05-23,22,3,LinkedIn
100,425,2023-03-05,26,10,Google
101,466,2023-01-04,20,3,Google
102,418,2023-03-15,21,4,Twitter
103,289,2023-01-29,48,1,Google
104,452,2023-01-01,2,10,LinkedIn
105,318,2023-02-20,4,13,Google
106,326,2023-01-07,13,3,Twitter
107,462,2023-03-14,29,9,Twitter
108,174,2023-04-11,38,4,LinkedIn
109,129,2023-01-11,13,11,Twitter
110,251,2023-02-27,29,14,Instagram
111,174,2023-01-23,49,1,LinkedIn
112,467,2023-05-05,56,1,Google
113,312,2023-05-31,59,10,Google
114,379,2023-05-15,44,4,Facebook
115,161,2023-03-24,55,10,Instagram
116,372,2023-01-01,43,14,Facebook
117,131,2023-04-25,41,11,Facebook
118,78,2023-05-18,43,3,LinkedIn
119,425,2023-01-29,12,7,Twitter
120,73,2023-04-21,32,14,Facebook
121,264,2023-04-05,23,1,Facebook
122,305,2023-03-28,40,6,Instagram
123,115,2023-01-09,5,7,LinkedIn
124,469,2023-05-15,17,14,Google
125,3,2023-05-01,25,14,Twitter
126,196,2023-03-21,52,4,LinkedIn
127,225,2023-01-23,49,7,LinkedIn
128,497,2023-03-07,27,1,Google
129,218,2023-01-29,39,13,Twitter
130,494,2023-03-19,3,11,Twitter
131,417,2023-04-21,26,2,Google
132,107,2023-04-02,32,12,LinkedIn
133,280,2023-02-05,6,6,Facebook
134,441,2023-05-05,8,12,Google
135,421,2023-02-23,12,10,Google
136,46,2023-02-17,31,2,Twitter
137,9,2023-03-24,32,14,Twitter
138,130,2023-01-25,59,3,Facebook
139,10,2023-03-08,25,9,Facebook
140,244,2023-04-05,32,8,Facebook
141,433,2023-02-09,37,2,Facebook
142,415,2023-02-25,33,9,Facebook
143,264,2023-01-22,12,8,Google
144,191,2023-04-03,38,12,Google
145,421,2023-03-26,53,1,Twitter
146,57,2023-02-22,45,4,Instagram
147,309,2023-06-01,51,14,Instagram
148,72,2023-04-27,42,9,Facebook
149,62,2023-02-05,36,11,Google
150,80,2023-03-09,23,4,Google
151,465,2023-03-17,38,13,Instagram
152,236,2023-05-29,43,2,Facebook
153,321,2023-02-16,34,10,Facebook
154,483,2023-04-16,41,6,Google
155,80,2023-04-27,40,3,Facebook
156,55,2023-05-20,2,8,Instagram
157,281,2023-02-02,23,6,Twitter
158,212,2023-03-31,4,5,LinkedIn
159,332,2023-02-14,51,14,Twitter
160,245,2023-03-22,53,4,Facebook
161,268,2023-03-23,26,1,Twitter
162,150,2023-03-05,55,4,Twitter
163,193,2023-04-28,2,12,Facebook
164,384,2023-03-13,2,3,Google
165,188,2023-01-07,1,8,Instagram
166,117,2023-03-27,3,1,Google
167,68,2023-01-23,50,2,Instagram
168,339,2023-06-01,19,3,Instagram
169,468,2023-03-06,18,6,LinkedIn
170,322,2023-04-25,11,8,Twitter
171,102,2023-04-24,33,4,Instagram
172,180,2023-02-27,18,8,Instagram
173,195,2023-03-05,9,14,Instagram
174,66,2023-01-03,23,13,LinkedIn
175,208,2023-05-01,32,14,Twitter
176,147,2023-04-24,24,8,Google
177,188,2023-05-08,35,7,Instagram
178,401,2023-03-31,21,13,Google
179,220,2023-03-11,23,10,LinkedIn
180,134,2023-01-09,16,7,LinkedIn
181,403,2023-01-21,15,6,Google
182,329,2023-05-23,24,6,Instagram
183,277,2023-05-05,21,9,Instagram
184,198,2023-03-07,1,12,LinkedIn
185,94,2023-05-13,37,10,Twitter
186,421,2023-04-24,32,2,Facebook
187,316,2023-04-06,50,8,Twitter
188,207,2023-01-16,12,10,Instagram
189,370,2023-04-20,57,12,Twitter
190,426,2023-05-07,20,11,Facebook
191,92,2023-01-17,28,7,LinkedIn
192,154,2023-01-28,52,10,Twitter
193,64,2023-05-21,2,4,LinkedIn
194,57,2023-01-05,39,6,Google
195,142,2023-04-29,26,12,Facebook
196,35,2023-05-09,58,12,LinkedIn
197,426,2023-02-10,10,9,Google
198,472,2023-01-10,20,9,Facebook
199,427,2023-04-22,6,3,Google
200,227,2023-01-30,39,12,LinkedIn
201,446,2023-05-07,3,4,Facebook
202,176,2023-03-24,27,2,Instagram
203,219,2023-01-03,35,13,Google
204,500,2023-03-10,33,13,Twitter
205,107,2023-03-07,25,14,Facebook
206,150,2023-03-13,32,1,Google
207,160,2023-03-15,57,6,LinkedIn
208,422,2023-01-12,55,8,LinkedIn
209,210,2023-04-01,11,6,LinkedIn
210,235,2023-03-06,48,6,Instagram
211,52,2023-01-26,51,4,Google
212,266,2023-05-21,24,12,Facebook
213,253,2023-04-13,23,14,Google
214,478,2023-04-29,1,10,LinkedIn
215,199,2023-04-12,12,11,Twitter
216,394,2023-04-13,26,3,Google
217,493,2023-01-09,58,1,Facebook
218,305,2023-02-03,9,3,LinkedIn
219,297,2023-02-26,57,3,Instagram
220,203,2023-04-05,20,3,LinkedIn
221,42,2023-01-25,1,5,Instagram
222,459,2023-02-25,45,2,Google
223,67,2023-01-06,40,6,LinkedIn
224,233,2023-03-29,38,9,Instagram
225,248,2023-01-15,10,9,LinkedIn
226,498,2023-02-08,58,10,LinkedIn
227,428,2023-03-11,34,4,Twitter
228,106,2023-03-07,51,13,LinkedIn
229,332,2023-01-26,23,8,Facebook
230,178,2023-04-06,7,11,Google
231,288,2023-02-06,50,5,LinkedIn
232,134,2023-03-17,41,12,Instagram
233,208,2023-03-31,24,14,LinkedIn
234,230,2023-04-12,55,11,Facebook
235,350,2023-01-09,12,2,LinkedIn
236,357,2023-01-04,21,5,Twitter
237,206,2023-05-17,46,6,Facebook
238,281,2023-05-20,57,6,LinkedIn
239,480,2023-04-06,25,4,Facebook
240,339,2023-05-26,53,1,Instagram
241,406,2023-05-14,56,11,LinkedIn
242,155,2023-03-27,14,5,Instagram
243,262,2023-03-05,55,3,Facebook
244,408,2023-06-01,23,4,Facebook
245,19,2023-04-16,6,2,Facebook
246,470,2023-02-04,16,6,Instagram
247,219,2023-01-20,59,7,Instagram
248,59,2023-02-04,32,12,Twitter
249,455,2023-05-28,53,12,Facebook
250,153,2023-05-28,46,12,Instagram
251,375,2023-03-17,1,11,Facebook
252,460,2023-02-01,57,13,Facebook
253,52,2023-05-06,39,5,Facebook
254,457,2023-04-10,24,4,Google
255,323,2023-03-21,53,5,Facebook
256,438,2023-02-15,26,5,Twitter
257,122,2023-01-15,52,11,LinkedIn
258,267,2023-04-27,56,4,Facebook
259,331,2023-04-11,26,6,Instagram
260,346,2023-02-18,44,12,Facebook
261,135,2023-01-11,18,14,LinkedIn
262,398,2023-02-13,40,12,Google
263,245,2023-03-19,9,13,Instagram
264,196,2023-04-23,29,13,Instagram
265,366,2023-02-16,26,11,Twitter
266,487,2023-04-12,53,6,Twitter
267,406,2023-01-22,55,7,Instagram
268,78,2023-05-29,59,2,LinkedIn
269,64,2023-01-03,49,6,Facebook
270,43,2023-02-26,25,9,Twitter
271,207,2023-02-03,40,11,Twitter
272,465,2023-01-15,45,2,Twitter
273,152,2023-03-19,38,5,LinkedIn
274,208,2023-04-15,33,1,Google
275,288,2023-02-21,36,10,Google
276,360,2023-02-28,7,1,Instagram
277,177,2023-01-02,38,2,Instagram
278,52,2023-03-18,38,7,Facebook
279,65,2023-04-18,47,6,Instagram
280,216,2023-02-09,34,1,Facebook
281,373,2023-04-07,43,3,Facebook
282,102,2023-02-27,11,11,Twitter
283,476,2023-01-21,9,7,Twitter
284,48,2023-02-22,54,13,Instagram
285,198,2023-03-10,40,13,Twitter
286,47,2023-05-18,52,10,LinkedIn
287,189,2023-02-17,59,10,LinkedIn
288,340,2023-05-04,47,14,Facebook
289,435,2023-03-13,9,7,Google
290,393,2023-05-27,3,2,Google
291,236,2023-03-21,57,1,Twitter
292,471,2023-02-13,6,8,Instagram
293,406,2023-01-03,7,2,LinkedIn
294,468,2023-02-01,7,10,Twitter
295,460,2023-01-28,32,9,Facebook
296,331,2023-02-01,38,1,LinkedIn
297,395,2023-02-27,7,3,Google
298,491,2023-04-22,6,13,Facebook
299,206,2023-04-05,5,3,Facebook
300,15,2023-01-12,55,8,Twitter
301,69,2023-05-03,38,11,Instagram
302,258,2023-03-15,52,5,Instagram
303,156,2023-03-29,17,3,Instagram
304,155,2023-03-30,40,2,LinkedIn
305,431,2023-01-11,2,5,Google
306,38,2023-01-26,37,9,Google
307,405,2023-03-02,12,4,Instagram
308,375,2023-04-17,49,12,Facebook
309,240,2023-03-07,56,3,Facebook
310,179,2023-01-13,46,5,Facebook
311,140,2023-04-06,29,10,Google
312,90,2023-01-02,38,4,Instagram
313,14,2023-02-13,29,5,Twitter
314,216,2023-02-17,31,2,Facebook
315,62,2023-01-23,27,11,Instagram
316,239,2023-03-17,54,8,Twitter
317,128,2023-04-15,55,5,LinkedIn
318,470,2023-01-30,54,3,Instagram
319,453,2023-03-11,15,10,Twitter
320,360,2023-05-14,56,2,Facebook
321,111,2023-04-10,29,8,Facebook
322,409,2023-01-17,22,5,LinkedIn
323,139,2023-04-10,55,9,Google
324,286,2023-02-24,38,3,Twitter
325,345,2023-02-09,31,6,Google
326,119,2023-03-21,12,6,Twitter
327,45,2023-02-20,28,10,Facebook
328,211,2023-01-15,21,14,LinkedIn
329,113,2023-01-06,19,5,Google
330,303,2023-04-04,15,8,LinkedIn
331,28,2023-02-13,34,12,LinkedIn
332,394,2023-01-27,15,13,LinkedIn
333,278,2023-05-09,4,12,Facebook
334,12,2023-03-17,37,11,LinkedIn
335,233,2023-01-18,26,14,Facebook
336,237,2023-04-30,43,12,Instagram
337,129,2023-05-31,59,14,Google
338,491,2023-03-21,4,9,Facebook
339,389,2023-01-12,48,11,Facebook
340,88,2023-03-16,1,6,LinkedIn
341,343,2023-03-23,26,8,Google
342,406,2023-01-16,27,3,LinkedIn
343,313,2023-04-03,18,7,Facebook
344,43,2023-05-17,49,13,Twitter
345,309,2023-04-25,44,12,Twitter
346,65,2023-04-25,40,8,Twitter
347,469,2023-05-01,7,13,Google
348,171,2023-05-30,28,13,Instagram
349,299,2023-03-27,11,14,Facebook
350,129,2023-05-02,10,3,Instagram
351,393,2023-04-18,33,4,LinkedIn
352,310,2023-01-19,30,8,LinkedIn
353,431,2023-05-29,22,8,Google
354,347,2023-03-11,59,12,Google
355,169,2023-01-02,28,13,Instagram
356,53,2023-01-07,28,10,LinkedIn
357,290,2023-01-16,47,13,Google
358,375,2023-02-07,53,4,Google
359,387,2023-05-21,33,6,Twitter
360,284,2023-05-27,58,6,Google
361,381,2023-04-26,46,14,Google
362,267,2023-03-31,51,12,Google
363,185,2023-05-08,42,11,Facebook
364,116,2023-03-19,11,11,Instagram
365,309,2023-03-24,36,11,Google
366,383,2023-04-26,3,3,Twitter
367,153,2023-05-05,50,9,Facebook
368,76,2023-03-01,21,1,Google
369,152,2023-05-30,45,7,Facebook
370,394,2023-03-31,5,4,Google
371,230,2023-04-28,25,9,LinkedIn
372,409,2023-05-15,33,11,Google
373,41,2023-05-19,36,8,LinkedIn
374,67,2023-02-11,43,9,Instagram
375,390,2023-02-07,13,10,LinkedIn
376,456,2023-02-24,25,9,Twitter
377,49,2023-04-14,25,12,Facebook
378,260,2023-03-08,19,8,Twitter
379,250,2023-02-22,56,1,Twitter
380,56,2023-03-06,7,9,Facebook
381,382,2023-02-24,44,13,LinkedIn
382,344,2023-01-02,11,6,LinkedIn
383,362,2023-01-04,40,5,Twitter
384,123,2023-05-11,23,10,Google
385,143,2023-03-12,53,3,Google
386,140,2023-04-11,41,11,Google
387,426,2023-05-09,47,7,Google
388,293,2023-04-23,59,2,Facebook
389,362,2023-04-06,33,10,Instagram
390,36,2023-02-13,44,12,Facebook
391,412,2023-05-04,45,4,Instagram
392,403,2023-01-24,18,14,LinkedIn
393,9,2023-01-01,37,13,Google
394,457,2023-03-06,40,1,Facebook
395,26,2023-03-07,47,4,Facebook
396,8,2023-02-01,57,13,Twitter
397,185,2023-04-21,53,2,Instagram
398,308,2023-01-26,49,5,Instagram
399,20,2023-01-30,45,14,Instagram
400,330,2023-03-10,27,12,Google
401,496,2023-03-13,4,14,LinkedIn
402,147,2023-05-31,55,10,Google
403,268,2023-01-11,18,3,Twitter
404,23,2023-04-09,28,7,Instagram
405,299,2023-01-07,43,10,Twitter
406,338,2023-05-13,28,6,Instagram
407,382,2023-03-05,42,7,Google
408,316,2023-01-25,2,9,Google
409,498,2023-05-24,14,10,Google
410,181,2023-01-17,26,7,Facebook
411,338,2023-03-18,52,5,LinkedIn
412,273,2023-04-22,14,2,Google
413,499,2023-05-13,58,9,Twitter
414,458,2023-03-17,40,6,Facebook
415,50,2023-02-07,9,4,Instagram
416,10,2023-01-27,39,10,Facebook
417,48,2023-01-19,33,12,Twitter
418,13,2023-03-02,26,11,LinkedIn
419,36,2023-02-09,12,6,Instagram
420,473,2023-01-03,43,6,Google
421,228,2023-01-09,37,6,LinkedIn
422,363,2023-02-09,27,8,Facebook
423,252,2023-05-25,28,1,Instagram
424,286,2023-03-07,26,1,Twitter
425,283,2023-01-24,24,3,Instagram
426,26,2023-04-02,24,7,Twitter
427,124,2023-01-05,10,4,Twitter
428,290,2023-01-17,31,3,Google
429,497,2023-01-05,42,9,Instagram
430,343,2023-05-03,11,2,LinkedIn
431,166,2023-02-21,28,1,Facebook
432,146,2023-02-07,18,5,Instagram
433,448,2023-04-02,19,13,Instagram
434,334,2023-01-16,29,5,Instagram
435,88,2023-03-08,38,13,Instagram
436,241,2023-05-22,33,14,Twitter
437,327,2023-03-14,55,10,Instagram
438,199,2023-05-17,16,10,Twitter
439,209,2023-02-07,25,7,Google
440,68,2023-04-14,58,11,Twitter
441,330,2023-03-11,33,1,Google
442,339,2023-05-26,36,11,Facebook
443,472,2023-01-07,52,2,LinkedIn
444,487,2023-03-28,47,3,Google
445,361,2023-04-25,36,10,Instagram
446,142,2023-01-11,11,13,Facebook
447,344,2023-01-10,22,9,Instagram
448,360,2023-04-17,57,8,Instagram
449,105,2023-01-14,20,6,LinkedIn
450,292,2023-04-20,35,5,Google
451,199,2023-02-21,20,8,Google
452,495,2023-03-08,1,14,Google
453,268,2023-04-28,59,6,Instagram
454,103,2023-03-13,32,5,Facebook
455,63,2023-02-12,28,2,LinkedIn
456,131,2023-03-27,6,4,Facebook
457,212,2023-01-02,48,3,Instagram
458,300,2023-03-11,8,3,Facebook
459,165,2023-04-18,54,10,Google
460,190,2023-03-26,40,10,Google
461,284,2023-05-29,38,6,Twitter
462,405,2023-04-30,16,5,LinkedIn
463,162,2023-01-25,18,12,Twitter
464,329,2023-01-31,40,6,Twitter
465,80,2023-02-17,32,3,Twitter
466,210,2023-03-20,14,1,LinkedIn
467,317,2023-05-10,55,14,LinkedIn
468,179,2023-03-20,37,6,LinkedIn
469,295,2023-05-25,41,4,Facebook
470,431,2023-04-17,7,4,Instagram
471,170,2023-01-16,26,13,LinkedIn
472,425,2023-01-30,38,12,Instagram
473,421,2023-02-17,1,11,Facebook
474,282,2023-01-11,6,7,Twitter
475,443,2023-01-27,11,2,LinkedIn
476,250,2023-04-07,15,9,Google
477,111,2023-05-29,23,6,Facebook
478,261,2023-03-25,39,1,Instagram
479,413,2023-02-20,35,5,Twitter
480,492,2023-03-30,41,13,Facebook
481,499,2023-05-22,20,7,Google
482,399,2023-04-22,26,9,Google
483,252,2023-01-04,9,10,Facebook
484,154,2023-05-06,42,8,Twitter
485,261,2023-05-09,40,1,Instagram
486,253,2023-04-18,21,1,Facebook
487,136,2023-03-10,49,8,Instagram
488,314,2023-03-23,19,3,Facebook
489,151,2023-05-20,23,10,Instagram
490,478,2023-03-21,13,9,Google
491,155,2023-01-07,42,4,LinkedIn
492,411,2023-04-18,8,13,Instagram
493,14,2023-05-24,58,4,Facebook
494,131,2023-03-21,11,4,LinkedIn
495,354,2023-03-13,22,11,Google
496,353,2023-05-17,30,14,Google
497,237,2023-03-06,4,10,Google
498,455,2023-01-28,23,8,Facebook
499,311,2023-05-19,13,4,Google
500,185,2023-05-15,44,11,LinkedIn
501,273,2023-04-29,56,3,LinkedIn
502,334,2023-03-29,7,11,LinkedIn
503,113,2023-05-13,21,14,Twitter
504,296,2023-01-18,37,2,Twitter
505,305,2023-02-27,20,7,Google
506,189,2023-04-15,49,4,Google
507,277,2023-01-06,53,11,Facebook
508,80,2023-01-16,27,14,Instagram
509,247,2023-04-03,44,10,Google
510,118,2023-05-30,44,7,Google
511,317,2023-02-21,35,11,Facebook
512,404,2023-03-14,47,13,Twitter
513,262,2023-03-21,32,1,Twitter
514,233,2023-02-14,23,9,Twitter
515,320,2023-01-26,55,8,LinkedIn
516,417,2023-03-08,12,8,Google
517,310,2023-05-15,43,10,LinkedIn
518,217,2023-03-11,21,6,LinkedIn
519,468,2023-05-07,55,9,Instagram
520,183,2023-03-08,27,7,Twitter
521,409,2023-04-19,45,4,Instagram
522,156,2023-05-21,56,10,Google
523,263,2023-04-16,18,14,LinkedIn
524,140,2023-03-12,4,12,Twitter
525,242,2023-02-04,59,13,LinkedIn
526,48,2023-05-07,18,13,Instagram
527,58,2023-04-14,6,14,Instagram
528,368,2023-03-14,52,12,LinkedIn
529,384,2023-01-19,32,1,LinkedIn
530,130,2023-03-14,10,10,Google
531,297,2023-03-04,3,9,Facebook
532,52,2023-05-09,16,4,LinkedIn
533,215,2023-02-10,27,2,Twitter
534,428,2023-02-19,33,1,Google
535,158,2023-04-01,18,13,Twitter
536,7,2023-03-12,52,11,Google
537,71,2023-04-22,43,11,Instagram
538,38,2023-03-23,32,6,Google
539,338,2023-01-27,56,7,Facebook
540,128,2023-05-03,14,1,Facebook
541,241,2023-02-04,58,14,Google
542,222,2023-03-08,54,2,Facebook
543,62,2023-01-09,3,9,LinkedIn
544,394,2023-01-26,29,1,Facebook
545,133,2023-03-15,7,9,Twitter
546,318,2023-04-04,50,10,Instagram
547,293,2023-03-27,31,4,Instagram
548,420,2023-03-14,15,5,Twitter
549,465,2023-05-21,41,2,Twitter
550,315,2023-01-04,21,11,Instagram
551,350,2023-01-30,19,14,Instagram
552,106,2023-03-10,51,12,Instagram
553,183,2023-02-14,21,1,Instagram
554,454,2023-04-25,17,2,Instagram
555,88,2023-04-02,12,2,LinkedIn
556,97,2023-05-29,39,7,Facebook
557,325,2023-01-21,14,2,Twitter
558,64,2023-05-11,21,6,LinkedIn
559,104,2023-06-01,48,6,Facebook
560,440,2023-03-27,8,8,Google
561,245,2023-05-12,24,2,Facebook
562,93,2023-03-24,27,11,Google
563,416,2023-03-16,49,9,Instagram
564,397,2023-04-19,17,4,Twitter
565,83,2023-02-17,56,5,Twitter
566,153,2023-02-13,42,3,Twitter
567,6,2023-01-28,9,10,LinkedIn
568,201,2023-03-30,55,13,LinkedIn
569,239,2023-04-29,4,9,Google
570,500,2023-01-06,1,3,LinkedIn
571,264,2023-03-03,6,14,Facebook
572,134,2023-01-28,4,5,Twitter
573,390,2023-02-17,12,2,Instagram
574,244,2023-02-01,24,12,Twitter
575,404,2023-02-01,28,14,Twitter
576,442,2023-02-22,43,3,Google
577,101,2023-01-02,18,2,Facebook
578,257,2023-05-17,17,10,Instagram
579,342,2023-04-17,15,1,LinkedIn
580,182,2023-01-05,4,14,Google
581,435,2023-01-25,38,14,Facebook
582,370,2023-04-24,54,6,Instagram
583,104,2023-03-07,49,14,Facebook
584,285,2023-05-29,3,4,LinkedIn
585,202,2023-05-13,55,2,LinkedIn
586,156,2023-01-07,14,3,LinkedIn
587,392,2023-02-17,33,6,LinkedIn
588,154,2023-01-25,15,5,Instagram
589,227,2023-01-24,20,2,Instagram
590,66,2023-05-03,24,13,Twitter
591,112,2023-03-27,20,5,Twitter
592,63,2023-01-09,53,14,Facebook
593,142,2023-03-04,2,4,Google
594,255,2023-04-23,13,13,Instagram
595,381,2023-03-26,6,7,Google
596,148,2023-02-07,21,14,Google
597,318,2023-02-14,18,5,LinkedIn
598,324,2023-04-22,54,6,Instagram
599,117,2023-04-20,21,12,Google
600,275,2023-05-31,14,13,Instagram
601,222,2023-01-28,57,14,LinkedIn
602,50,2023-04-20,35,6,LinkedIn
603,271,2023-05-13,46,13,Twitter
604,479,2023-02-12,54,12,Google
605,142,2023-01-14,20,5,Google
606,100,2023-01-26,53,2,Google
607,396,2023-02-23,3,6,LinkedIn
608,264,2023-01-07,17,12,Instagram
609,58,2023-06-01,15,14,Google
610,151,2023-04-28,26,5,LinkedIn
611,291,2023-01-20,18,13,Facebook
612,439,2023-01-05,37,2,Instagram
613,329,2023-01-14,21,14,Facebook
614,45,2023-04-05,18,6,Google
615,194,2023-01-27,25,12,LinkedIn
616,482,2023-05-02,57,7,Instagram
617,468,2023-01-20,27,14,LinkedIn
618,228,2023-03-30,3,11,Twitter
619,231,2023-01-26,23,2,Facebook
620,400,2023-01-19,3,3,Twitter
621,316,2023-02-03,19,3,Facebook
622,345,2023-03-23,38,5,Google
623,418,2023-04-19,7,14,Instagram
624,420,2023-01-20,38,9,Instagram
625,237,2023-03-06,7,14,LinkedIn
626,208,2023-01-30,26,6,Twitter
627,226,2023-02-08,7,3,Google
628,160,2023-04-08,57,11,Instagram
629,196,2023-04-02,46,12,Google
630,285,2023-01-12,28,13,LinkedIn
631,174,2023-04-20,32,3,Instagram
632,307,2023-03-15,25,5,Instagram
633,292,2023-01-30,10,14,LinkedIn
634,23,2023-03-10,46,11,LinkedIn
635,299,2023-01-19,27,12,Instagram
636,72,2023-04-26,59,14,LinkedIn
637,137,2023-04-29,46,10,Google
638,379,2023-05-21,16,5,Facebook
639,74,2023-01-07,15,11,Instagram
640,425,2023-03-07,3,14,Facebook
641,58,2023-01-23,24,2,Google
642,340,2023-05-29,24,6,Google
643,110,2023-02-17,43,10,Facebook
644,236,2023-01-23,8,11,Facebook
645,25,2023-03-11,3,13,Google
646,78,2023-04-20,18,13,Twitter
647,368,2023-05-08,49,2,LinkedIn
648,357,2023-04-01,25,12,Google
649,175,2023-03-09,11,10,LinkedIn
650,258,2023-05-24,26,13,LinkedIn
651,231,2023-01-07,20,7,Instagram
652,410,2023-02-14,36,2,LinkedIn
653,331,2023-05-09,9,8,Google
654,385,2023-05-07,40,4,Instagram
655,76,2023-05-16,15,12,Facebook
656,214,2023-01-21,33,2,Instagram
657,493,2023-03-19,33,9,Facebook
658,18,2023-01-28,3,10,Instagram
659,143,2023-01-12,44,5,Twitter
660,253,2023-04-09,20,6,Google
661,448,2023-02-02,53,3,Instagram
662,167,2023-04-25,33,13,Twitter
663,363,2023-02-06,41,14,Twitter
664,75,2023-04-19,29,3,Twitter
665,190,2023-04-08,40,6,Google
666,287,2023-05-05,57,14,LinkedIn
667,82,2023-05-14,19,3,Instagram
668,189,2023-04-09,1,2,LinkedIn
669,152,2023-04-11,9,3,Twitter
670,16,2023-02-04,23,7,LinkedIn
671,198,2023-04-13,40,3,LinkedIn
672,158,2023-03-30,9,2,Twitter
673,9,2023-02-07,3,13,Instagram
674,237,2023-04-12,7,10,Instagram
675,23,2023-03-25,52,2,LinkedIn
676,326,2023-03-29,21,7,Twitter
677,206,2023-04-01,24,10,LinkedIn
678,496,2023-03-01,35,13,Twitter
679,283,2023-01-10,9,1,Instagram
680,265,2023-01-21,4,12,Instagram
681,214,2023-01-23,27,13,Twitter
682,251,2023-05-21,28,11,LinkedIn
683,43,2023-02-11,28,9,Facebook
684,105,2023-01-17,4,3,Google
685,347,2023-03-07,20,1,LinkedIn
686,195,2023-04-30,46,1,Twitter
687,59,2023-01-22,1,6,Facebook
688,419,2023-05-26,10,6,LinkedIn
689,495,2023-03-14,43,2,Twitter
690,60,2023-01-08,25,3,LinkedIn
691,32,2023-01-31,37,5,LinkedIn
692,222,2023-02-18,31,14,LinkedIn
693,338,2023-02-11,34,2,LinkedIn
694,102,2023-03-21,51,2,Facebook
695,310,2023-04-27,29,9,Facebook
696,480,2023-03-07,47,5,Twitter
697,313,2023-03-06,4,13,Google
698,49,2023-03-16,42,6,Google
699,54,2023-01-24,12,10,LinkedIn
700,29,2023-01-04,6,4,Google
701,195,2023-04-18,11,11,LinkedIn
702,228,2023-05-30,53,10,Instagram
703,318,2023-03-01,58,5,Google
704,360,2023-01-06,6,4,Google
705,352,2023-04-28,47,6,Facebook
706,314,2023-01-10,6,7,Google
707,16,2023-05-20,34,7,Instagram
708,282,2023-05-09,56,10,LinkedIn
709,111,2023-04-02,17,9,Facebook
710,366,2023-05-26,18,2,Google
711,18,2023-05-11,41,7,LinkedIn
712,311,2023-05-04,52,2,Facebook
713,120,2023-03-11,41,1,Facebook
714,491,2023-01-24,25,6,Instagram
715,108,2023-01-16,15,9,Instagram
716,276,2023-05-21,14,9,Google
717,400,2023-04-19,45,10,Instagram
718,230,2023-01-18,37,11,Google
719,309,2023-04-17,33,1,Facebook
720,390,2023-02-05,24,12,Twitter
721,383,2023-01-28,44,6,Twitter
722,455,2023-01-22,32,4,Google
723,283,2023-03-03,16,6,Twitter
724,251,2023-04-30,3,11,Facebook
725,191,2023-04-10,32,1,Google
726,484,2023-02-19,8,8,Instagram
727,189,2023-02-07,30,3,Twitter
728,245,2023-05-11,17,4,Instagram
729,481,2023-04-07,50,7,Google
730,274,2023-01-08,2,13,Facebook
731,473,2023-04-03,46,8,Instagram
732,411,2023-03-03,8,2,Instagram
733,144,2023-04-10,40,3,Instagram
734,330,2023-05-07,1,10,Twitter
735,29,2023-04-01,36,2,Facebook
736,93,2023-01-02,49,6,Facebook
737,397,2023-01-16,2,2,Instagram
738,234,2023-05-03,43,10,Twitter
739,371,2023-02-02,34,12,Facebook
740,432,2023-03-28,33,7,Facebook
741,96,2023-01-15,52,4,Twitter
742,410,2023-01-12,11,2,Instagram
743,365,2023-04-21,54,9,Google
744,47,2023-05-03,19,6,Twitter
745,227,2023-01-07,19,8,Instagram
746,305,2023-05-24,44,9,Facebook
747,488,2023-02-05,19,3,Twitter
748,93,2023-04-12,45,1,Instagram
749,259,2023-05-06,49,10,Google
750,179,2023-04-26,34,9,LinkedIn
751,365,2023-03-20,33,12,Facebook
752,330,2023-01-27,59,7,Google
753,47,2023-05-13,24,6,LinkedIn
754,177,2023-05-10,32,2,Twitter
755,383,2023-01-21,7,7,Google
756,94,2023-04-15,18,4,Facebook
757,110,2023-05-29,22,1,Instagram
758,241,2023-04-25,2,8,Google
759,120,2023-02-02,41,6,Facebook
760,103,2023-02-26,33,13,Google
761,463,2023-03-19,12,5,Google
762,325,2023-05-14,16,11,LinkedIn
763,496,2023-02-03,34,14,Twitter
764,34,2023-05-16,59,9,Instagram
765,182,2023-05-21,34,2,Facebook
766,127,2023-05-15,47,2,Facebook
767,325,2023-04-13,33,8,Facebook
768,307,2023-01-17,13,11,Facebook
769,189,2023-05-23,56,5,Google
770,103,2023-04-05,58,5,Twitter
771,444,2023-03-20,18,4,Facebook
772,242,2023-01-22,56,3,LinkedIn
773,398,2023-01-20,26,8,LinkedIn
774,497,2023-02-22,59,3,Google
775,290,2023-01-29,17,8,Facebook
776,179,2023-04-28,5,10,Twitter
777,406,2023-05-04,39,12,Facebook
778,428,2023-02-19,50,7,LinkedIn
779,169,2023-01-20,28,4,Google
780,198,2023-04-13,53,10,LinkedIn
781,466,2023-04-06,38,2,LinkedIn
782,322,2023-03-10,5,14,Facebook
783,392,2023-05-08,46,10,LinkedIn
784,170,2023-02-17,53,4,Google
785,452,2023-03-26,13,12,Google
786,456,2023-04-21,8,10,Facebook
787,380,2023-05-01,13,6,Facebook
788,275,2023-03-08,56,9,Instagram
789,51,2023-03-09,11,6,LinkedIn
790,202,2023-02-21,8,12,Instagram
791,257,2023-01-03,23,11,Instagram
792,95,2023-01-02,3,3,Twitter
793,58,2023-02-13,11,9,LinkedIn
794,57,2023-04-02,15,9,Instagram
795,114,2023-02-03,51,11,Facebook
796,181,2023-01-23,29,1,Google
797,171,2023-03-10,52,5,Instagram
798,120,2023-01-10,20,2,Twitter
799,188,2023-01-11,5,7,Facebook
800,337,2023-05-26,57,5,Instagram
801,184,2023-02-10,29,5,LinkedIn
802,52,2023-04-28,14,1,Google
803,202,2023-04-12,18,4,Instagram
804,229,2023-02-13,38,13,Google
805,392,2023-05-25,24,13,Twitter
806,102,2023-04-26,55,13,LinkedIn
807,99,2023-04-15,1,8,LinkedIn
808,384,2023-03-14,47,10,Facebook
809,291,2023-05-15,25,1,Facebook
810,209,2023-02-21,39,7,Twitter
811,89,2023-03-28,12,2,Google
812,150,2023-02-27,23,2,Facebook
813,285,2023-05-31,30,3,LinkedIn
814,349,2023-05-26,15,13,Facebook
815,271,2023-02-19,7,7,Twitter
816,479,2023-03-25,35,12,Facebook
817,191,2023-04-01,28,4,Twitter
818,54,2023-04-19,40,5,Instagram
819,500,2023-04-17,48,11,Google
820,124,2023-01-31,8,1,LinkedIn
821,404,2023-01-10,48,7,Google
822,462,2023-05-13,57,13,Twitter
823,152,2023-01-26,40,4,Facebook
824,231,2023-05-09,4,6,Google
825,433,2023-02-04,3,10,Google
826,38,2023-02-03,56,10,Instagram
827,168,2023-01-27,37,7,Google
828,402,2023-05-30,6,12,Instagram
829,441,2023-03-22,53,6,Instagram
830,388,2023-03-28,52,8,LinkedIn
831,169,2023-03-23,23,7,Instagram
832,65,2023-04-21,7,5,Facebook
833,450,2023-03-19,34,1,LinkedIn
834,424,2023-03-04,18,10,Instagram
835,202,2023-02-02,31,4,Instagram
836,266,2023-04-26,49,7,Instagram
837,455,2023-05-06,11,3,LinkedIn
838,112,2023-02-21,16,1,Facebook
839,425,2023-02-12,34,3,Google
840,393,2023-03-17,6,7,Twitter
841,289,2023-04-06,35,14,Twitter
842,348,2023-02-12,53,2,Twitter
843,246,2023-01-08,52,6,Facebook
844,58,2023-01-13,54,1,Facebook
845,170,2023-01-24,8,12,Facebook
846,16,2023-05-17,16,11,Facebook
847,142,2023-04-20,35,2,Google
848,496,2023-01-25,34,10,Twitter
849,211,2023-01-04,25,13,Twitter
850,316,2023-05-09,14,5,Instagram
851,197,2023-05-31,41,14,Facebook
852,203,2023-03-10,35,1,LinkedIn
853,465,2023-01-04,50,10,Instagram
854,220,2023-02-28,24,11,Instagram
855,278,2023-03-21,25,9,LinkedIn
856,83,2023-03-01,33,1,LinkedIn
857,420,2023-04-20,50,9,Facebook
858,306,2023-04-25,17,14,Twitter
859,199,2023-03-27,37,8,Facebook
860,155,2023-02-21,44,3,LinkedIn
861,173,2023-01-31,13,8,LinkedIn
862,368,2023-03-16,58,11,Twitter
863,197,2023-04-25,2,11,Twitter
864,244,2023-01-23,33,13,Google
865,6,2023-04-26,48,14,Facebook
866,287,2023-05-24,46,13,Facebook
867,497,2023-01-29,58,14,Twitter
868,14,2023-05-08,25,2,LinkedIn
869,391,2023-04-09,51,7,Google
870,281,2023-03-19,23,7,LinkedIn
871,201,2023-05-30,30,1,LinkedIn
872,106,2023-03-26,26,2,Google
873,202,2023-03-07,57,2,Facebook
874,231,2023-02-03,40,12,Twitter
875,375,2023-04-26,16,12,Instagram
876,320,2023-04-10,49,7,Instagram
877,205,2023-01-09,16,14,Google
878,120,2023-05-24,30,7,Google
879,410,2023-01-05,33,14,Instagram
880,63,2023-04-23,57,10,Twitter
881,266,2023-05-09,11,13,Instagram
882,14,2023-03-26,42,5,Google
883,219,2023-03-03,56,12,Twitter
884,21,2023-04-26,31,12,Twitter
885,482,2023-05-19,16,4,Facebook
886,169,2023-01-19,52,11,Facebook
887,365,2023-01-02,40,13,Twitter
888,143,2023-04-17,58,11,Instagram
889,236,2023-04-03,14,2,LinkedIn
890,162,2023-03-24,28,13,LinkedIn
891,73,2023-04-06,35,1,Instagram
892,346,2023-02-05,5,7,Google
893,70,2023-01-23,35,10,Instagram
894,104,2023-04-19,33,9,Facebook
895,313,2023-05-07,15,13,Instagram
896,394,2023-03-30,21,13,LinkedIn
897,419,2023-05-27,13,12,Twitter
898,129,2023-05-09,23,6,Facebook
899,334,2023-05-31,9,6,Facebook
900,150,2023-05-31,1,12,Twitter
901,77,2023-03-06,47,11,Facebook
902,71,2023-02-19,20,6,Twitter
903,75,2023-02-27,24,9,Twitter
904,39,2023-04-28,7,13,LinkedIn
905,306,2023-01-06,27,1,Twitter
906,397,2023-04-18,24,2,LinkedIn
907,350,2023-05-07,25,3,Facebook
908,158,2023-01-20,55,11,LinkedIn
909,190,2023-05-25,13,7,Google
910,277,2023-01-12,10,5,Google
911,56,2023-03-17,34,11,Twitter
912,64,2023-05-14,23,11,Facebook
913,275,2023-01-08,10,1,Google
914,93,2023-05-15,37,14,LinkedIn
915,356,2023-04-09,28,11,Facebook
916,101,2023-05-28,28,11,Instagram
917,202,2023-02-01,46,10,Twitter
918,494,2023-03-12,54,12,Twitter
919,283,2023-05-13,4,4,Google
920,287,2023-03-25,31,5,Twitter
921,206,2023-05-03,3,9,Instagram
922,51,2023-02-07,10,2,Instagram
923,182,2023-02-23,15,12,Twitter
924,218,2023-04-19,25,9,Google
925,4,2023-01-06,33,14,LinkedIn
926,379,2023-02-08,29,1,Google
927,469,2023-03-06,29,13,Google
928,154,2023-01-09,33,7,Google
929,370,2023-04-07,29,10,Instagram
930,119,2023-05-11,24,2,Facebook
931,385,2023-05-17,43,13,Facebook
932,5,2023-01-05,24,10,LinkedIn
933,290,2023-03-27,9,9,Google
934,163,2023-03-18,45,6,LinkedIn
935,36,2023-02-07,41,6,Facebook
936,494,2023-03-12,55,3,Google
937,13,2023-05-24,36,2,Google
938,16,2023-04-24,14,10,Instagram
939,421,2023-05-02,24,10,Twitter
940,287,2023-04-03,28,14,Facebook
941,484,2023-05-10,1,10,Facebook
942,319,2023-03-28,40,2,LinkedIn
943,56,2023-02-19,3,10,Instagram
944,117,2023-04-24,27,13,LinkedIn
945,127,2023-02-06,32,5,Instagram
946,320,2023-04-29,50,13,LinkedIn
947,223,2023-03-18,31,10,LinkedIn
948,193,2023-01-26,27,2,Facebook
949,395,2023-01-02,46,6,Instagram
950,416,2023-02-15,12,1,Facebook
951,65,2023-02-22,46,8,Twitter
952,390,2023-02-02,30,2,Instagram
953,179,2023-02-25,8,14,Google
954,449,2023-01-29,20,10,Instagram
955,145,2023-03-26,59,11,Google
956,208,2023-02-22,50,10,LinkedIn
957,257,2023-02-10,26,2,Instagram
958,415,2023-02-04,24,7,Instagram
959,443,2023-03-10,59,5,LinkedIn
960,167,2023-01-29,5,4,Instagram
961,43,2023-03-04,44,7,Facebook
962,424,2023-02-09,24,10,LinkedIn
963,179,2023-02-10,22,14,Google
964,304,2023-02-03,53,3,Instagram
965,93,2023-04-14,23,10,Instagram
966,203,2023-02-08,16,5,Twitter
967,208,2023-03-02,33,11,Google
968,16,2023-04-21,15,9,Google
969,101,2023-03-02,32,2,Facebook
970,376,2023-04-27,55,12,Google
971,219,2023-04-29,6,13,Instagram
972,378,2023-02-13,28,3,Google
973,9,2023-03-22,52,14,Instagram
974,180,2023-05-28,17,8,LinkedIn
975,289,2023-04-06,2,11,Facebook
976,395,2023-03-08,33,2,Facebook
977,425,2023-01-13,8,6,Instagram
978,130,2023-05-29,30,2,Google
979,356,2023-04-12,21,3,LinkedIn
980,195,2023-01-31,33,1,Twitter
981,164,2023-05-30,14,1,Instagram
982,185,2023-03-16,36,6,Instagram
983,408,2023-05-17,28,11,Google
984,360,2023-02-14,44,1,LinkedIn
985,211,2023-02-10,26,9,LinkedIn
986,224,2023-05-10,58,8,Google
987,195,2023-01-07,11,7,Google
988,317,2023-04-07,54,10,LinkedIn
989,377,2023-01-18,9,6,Instagram
990,34,2023-01-10,55,13,Instagram
991,425,2023-04-20,55,7,Google
992,451,2023-04-02,12,1,Google
993,232,2023-02-03,27,7,Instagram
994,278,2023-05-27,3,10,Facebook
995,118,2023-01-28,20,13,LinkedIn
996,92,2023-02-18,57,1,Google
997,187,2023-03-25,19,4,Twitter
998,365,2023-05-12,17,10,Google
999,277,2023-05-19,8,10,Instagram
1000,197,2023-02-09,53,2,Facebook
1001,420,2023-01-16,54,11,LinkedIn
1002,318,2023-02-11,25,6,LinkedIn
1003,421,2023-05-09,33,12,Twitter
1004,6,2023-05-15,38,5,Twitter
1005,451,2023-04-09,21,12,Twitter
1006,305,2023-05-10,27,14,Google
1007,190,2023-01-20,39,4,LinkedIn
1008,439,2023-03-06,23,5,Twitter
1009,88,2023-05-10,40,9,Facebook
1010,210,2023-05-08,27,8,Instagram
1011,106,2023-03-14,55,11,Facebook
1012,361,2023-04-11,43,14,Google
1013,408,2023-05-26,40,9,Facebook
1014,174,2023-02-04,5,10,LinkedIn
1015,114,2023-05-13,46,13,Facebook
1016,254,2023-03-09,35,7,Google
1017,235,2023-05-26,51,6,Instagram
1018,100,2023-04-20,55,3,Facebook
1019,110,2023-05-28,56,10,Facebook
1020,131,2023-05-25,25,3,Google
1021,163,2023-02-14,10,10,Facebook
1022,463,2023-04-15,39,9,Google
1023,81,2023-04-23,41,4,LinkedIn
1024,255,2023-03-28,5,5,Google
1025,41,2023-02-22,31,3,Instagram
1026,421,2023-04-09,50,11,LinkedIn
1027,232,2023-04-24,47,11,LinkedIn
1028,497,2023-04-04,18,10,Facebook
1029,313,2023-02-07,59,2,LinkedIn
1030,57,2023-05-22,8,11,LinkedIn
1031,442,2023-03-12,51,12,Instagram
1032,280,2023-05-12,18,6,Twitter
1033,65,2023-03-30,1,2,Instagram
1034,146,2023-01-11,13,11,Instagram
1035,402,2023-01-01,1,5,Google
1036,15,2023-05-02,26,12,Google
1037,108,2023-05-24,37,9,LinkedIn
1038,482,2023-03-31,19,5,Twitter
1039,386,2023-05-08,30,11,Instagram
1040,272,2023-02-24,21,12,Instagram
1041,145,2023-05-30,13,9,Facebook
1042,34,2023-02-19,57,1,LinkedIn
1043,346,2023-01-30,24,8,Facebook
1044,460,2023-03-27,28,3,Google
1045,186,2023-03-26,9,8,Facebook
1046,326,2023-05-05,55,5,Instagram
1047,483,2023-04-01,4,3,Instagram
1048,126,2023-03-19,46,12,Twitter
1049,403,2023-03-25,43,13,Facebook
1050,59,2023-01-12,28,1,Twitter
1051,422,2023-03-06,27,11,Twitter
1052,136,2023-03-12,23,9,Instagram
1053,185,2023-05-15,43,8,Facebook
1054,60,2023-03-02,36,1,LinkedIn
1055,426,2023-01-22,33,11,LinkedIn
1056,475,2023-05-16,39,12,Twitter
1057,441,2023-02-24,2,5,LinkedIn
1058,12,2023-01-23,18,14,LinkedIn
1059,451,2023-02-18,45,8,LinkedIn
1060,424,2023-04-01,51,5,Twitter
1061,238,2023-01-10,31,9,LinkedIn
1062,128,2023-04-26,41,1,Twitter
1063,316,2023-01-09,44,5,LinkedIn
1064,38,2023-03-13,43,7,Instagram
1065,206,2023-01-13,39,9,Twitter
1066,318,2023-05-24,24,6,Facebook
1067,494,2023-01-23,12,11,Google
1068,43,2023-01-27,50,14,Twitter
1069,421,2023-03-17,12,6,LinkedIn
1070,131,2023-05-08,54,7,LinkedIn
1071,312,2023-04-26,40,6,Google
1072,373,2023-05-18,35,10,Facebook
1073,116,2023-04-26,3,11,LinkedIn
1074,33,2023-01-13,58,13,Twitter
1075,346,2023-03-17,14,13,Facebook
1076,298,2023-06-01,50,4,Facebook
1077,375,2023-01-29,26,5,Twitter
1078,158,2023-01-25,7,5,Facebook
1079,19,2023-04-28,4,9,Facebook
1080,128,2023-02-08,38,3,Facebook
1081,271,2023-02-07,40,10,Facebook
1082,426,2023-02-24,39,11,Facebook
1083,11,2023-03-01,31,9,Facebook
1084,203,2023-04-07,42,5,Instagram
1085,129,2023-01-24,55,13,Instagram
1086,421,2023-02-16,23,8,Twitter
1087,438,2023-02-20,53,2,Instagram
1088,290,2023-01-08,23,2,Google
1089,135,2023-05-04,38,12,LinkedIn
1090,245,2023-01-04,41,2,Instagram
1091,330,2023-05-31,39,4,Twitter
1092,82,2023-04-20,52,3,LinkedIn
1093,131,2023-05-10,48,11,LinkedIn
1094,207,2023-01-23,52,10,LinkedIn
1095,282,2023-02-22,8,5,Google
1096,73,2023-02-09,24,11,Facebook
1097,118,2023-04-12,29,14,Twitter
1098,277,2023-03-05,23,14,Twitter
1099,66,2023-03-28,39,9,Google
1100,483,2023-05-23,34,4,LinkedIn
1101,169,2023-05-03,59,3,LinkedIn
1102,131,2023-01-05,43,8,Instagram
1103,487,2023-03-16,25,14,Instagram
1104,84,2023-04-13,13,14,Instagram
1105,270,2023-01-20,24,7,Facebook
1106,114,2023-05-01,35,11,Instagram
1107,143,2023-04-29,7,7,Instagram
1108,375,2023-03-25,49,13,LinkedIn
1109,380,2023-05-24,4,4,LinkedIn
1110,379,2023-03-07,51,4,Twitter
1111,443,2023-02-25,45,11,LinkedIn
1112,149,2023-05-12,23,12,Facebook
1113,165,2023-02-23,37,14,Twitter
1114,138,2023-03-01,28,3,Twitter
1115,254,2023-02-20,23,6,Google
1116,361,2023-05-24,21,1,Facebook
1117,475,2023-02-23,38,3,Twitter
1118,248,2023-03-13,30,5,LinkedIn
1119,453,2023-04-22,12,7,Instagram
1120,490,2023-02-17,48,14,Twitter
1121,53,2023-04-07,50,12,LinkedIn
1122,294,2023-02-16,35,7,Facebook
1123,489,2023-02-13,13,12,LinkedIn
1124,92,2023-05-21,55,14,Google
1125,375,2023-04-18,57,14,LinkedIn
1126,125,2023-05-09,34,2,Google
1127,50,2023-04-18,42,4,Facebook
1128,240,2023-04-12,58,3,Twitter
1129,327,2023-03-21,2,4,Google
1130,319,2023-02-27,42,12,Instagram
1131,1,2023-04-14,19,12,Twitter
1132,312,2023-03-21,48,1,Facebook
1133,19,2023-01-20,4,3,LinkedIn
1134,492,2023-04-22,19,9,Instagram
1135,58,2023-04-04,5,8,LinkedIn
1136,112,2023-05-10,13,1,Facebook
1137,326,2023-02-15,35,14,LinkedIn
1138,433,2023-02-07,10,10,Instagram
1139,390,2023-04-13,26,8,Facebook
1140,185,2023-03-09,31,13,Facebook
1141,138,2023-04-01,56,6,Facebook
1142,154,2023-03-22,49,1,LinkedIn
1143,56,2023-03-31,4,7,Google
1144,87,2023-02-23,51,8,Google
1145,97,2023-01-22,45,4,Instagram
1146,494,2023-02-06,31,2,Google
1147,272,2023-01-14,24,5,Instagram
1148,430,2023-03-01,40,3,Google
1149,101,2023-05-14,20,10,LinkedIn
1150,99,2023-03-30,51,6,Facebook
1151,43,2023-03-10,32,1,Twitter
1152,498,2023-02-25,59,9,Google
1153,154,2023-01-09,39,14,Google
1154,293,2023-01-24,34,13,LinkedIn
1155,1,2023-04-26,11,3,Twitter
1156,156,2023-02-18,4,2,Twitter
1157,334,2023-04-04,42,4,LinkedIn
1158,129,2023-01-03,34,4,Twitter
1159,499,2023-02-12,28,10,Twitter
1160,453,2023-01-16,32,2,Facebook
1161,335,2023-05-29,7,6,Facebook
1162,485,2023-01-28,9,2,Facebook
1163,221,2023-02-12,59,8,Facebook
1164,90,2023-03-27,15,8,Twitter
1165,185,2023-02-02,35,6,Facebook
1166,251,2023-04-07,13,13,Twitter
1167,232,2023-03-13,28,2,Facebook
1168,455,2023-03-11,21,2,Facebook
1169,46,2023-02-05,30,9,Instagram
1170,99,2023-02-10,30,8,Facebook
1171,140,2023-01-17,49,10,Instagram
1172,87,2023-02-21,2,3,Instagram
1173,129,2023-02-28,33,10,LinkedIn
1174,293,2023-04-30,37,10,Google
1175,402,2023-01-19,28,2,Facebook
1176,349,2023-04-30,37,5,LinkedIn
1177,376,2023-04-07,50,13,Google
1178,137,2023-02-15,58,3,Google
1179,297,2023-05-31,50,7,Facebook
1180,454,2023-05-18,27,6,Facebook
1181,405,2023-05-21,16,2,Google
1182,128,2023-05-30,5,4,LinkedIn
1183,470,2023-01-05,9,7,Google
1184,313,2023-02-27,55,3,LinkedIn
1185,71,2023-02-16,8,14,Twitter
1186,282,2023-05-29,26,10,Twitter
1187,21,2023-03-27,37,13,Instagram
1188,126,2023-02-27,2,13,Facebook
1189,173,2023-02-13,39,8,LinkedIn
1190,26,2023-03-08,30,8,Instagram
1191,342,2023-05-10,18,12,Instagram
1192,350,2023-01-31,8,8,Google
1193,99,2023-03-18,41,3,Google
1194,320,2023-05-01,8,13,LinkedIn
1195,114,2023-05-09,34,6,Facebook
1196,316,2023-04-12,1,11,Instagram
1197,200,2023-03-13,2,3,Twitter
1198,236,2023-05-17,20,3,Twitter
1199,339,2023-01-11,5,5,Facebook
1200,123,2023-04-08,53,14,Twitter
1201,35,2023-02-20,59,2,Twitter
1202,100,2023-02-04,36,5,Twitter
1203,96,2023-02-03,26,7,Twitter
1204,387,2023-05-15,1,11,Twitter
1205,26,2023-04-19,31,10,Instagram
1206,372,2023-04-03,29,11,Google
1207,93,2023-04-04,46,2,Facebook
1208,178,2023-01-18,33,7,Facebook
1209,375,2023-01-30,39,7,Google
1210,278,2023-04-23,19,9,Facebook
1211,475,2023-02-07,16,11,Facebook
1212,260,2023-03-10,56,9,LinkedIn
1213,448,2023-02-27,54,9,Google
1214,247,2023-03-15,13,7,Google
1215,449,2023-05-26,47,5,Facebook
1216,11,2023-01-30,39,14,LinkedIn
1217,238,2023-04-04,8,7,Facebook
1218,395,2023-04-10,19,10,LinkedIn
1219,484,2023-05-10,39,1,LinkedIn
1220,363,2023-03-08,29,5,Facebook
1221,180,2023-03-04,24,14,Instagram
1222,326,2023-03-20,6,12,Facebook
1223,180,2023-04-19,28,3,Google
1224,308,2023-01-16,52,11,Instagram
1225,271,2023-01-21,27,14,LinkedIn
1226,13,2023-04-27,3,9,Facebook
1227,310,2023-01-28,3,13,Twitter
1228,207,2023-04-28,7,3,Twitter
1229,402,2023-05-22,55,11,Google
1230,101,2023-04-27,58,3,Twitter
1231,95,2023-03-14,29,2,Google
1232,475,2023-04-26,44,11,Instagram
1233,160,2023-01-17,41,11,Google
1234,467,2023-04-23,25,12,LinkedIn
1235,365,2023-01-05,25,2,LinkedIn
1236,277,2023-01-07,10,8,Google
1237,279,2023-01-28,17,7,LinkedIn
1238,497,2023-02-18,23,8,Instagram
1239,187,2023-05-21,30,2,Google
1240,127,2023-01-14,24,13,Facebook
1241,335,2023-03-23,4,2,Facebook
1242,120,2023-02-01,47,1,Google
1243,445,2023-03-22,43,2,Facebook
1244,52,2023-01-24,47,10,Twitter
1245,274,2023-05-08,1,9,LinkedIn
1246,6,2023-02-18,10,8,LinkedIn
1247,83,2023-04-01,56,1,Google
1248,140,2023-03-30,4,14,LinkedIn
1249,41,2023-03-28,31,8,Twitter
1250,327,2023-03-11,4,9,Google
1251,200,2023-05-09,57,13,Instagram
1252,418,2023-04-01,20,9,Google
1253,40,2023-03-12,34,2,Google
1254,494,2023-04-29,30,9,Google
1255,320,2023-03-24,15,2,Twitter
1256,439,2023-02-18,8,10,Instagram
1257,400,2023-05-02,53,12,Facebook
1258,356,2023-04-08,21,4,Google
1259,333,2023-05-01,13,11,Twitter
1260,75,2023-03-09,50,6,Instagram
1261,451,2023-05-31,29,2,LinkedIn
1262,431,2023-05-18,34,9,Google
1263,251,2023-04-23,13,9,Instagram
1264,140,2023-02-07,33,2,Facebook
1265,340,2023-04-21,22,9,Google
1266,467,2023-04-13,42,14,Google
1267,412,2023-01-12,27,10,LinkedIn
1268,421,2023-02-28,40,13,LinkedIn
1269,243,2023-05-17,51,13,Twitter
1270,370,2023-04-28,20,8,Google
1271,385,2023-01-26,30,11,LinkedIn
1272,125,2023-01-03,33,6,Facebook
1273,58,2023-05-04,3,3,Twitter
1274,275,2023-03-28,35,14,Instagram
1275,87,2023-03-29,18,6,Twitter
1276,265,2023-05-29,44,4,Facebook
1277,66,2023-05-10,6,9,LinkedIn
1278,24,2023-02-22,56,5,LinkedIn
1279,289,2023-02-28,2,11,Instagram
1280,137,2023-05-21,13,5,Facebook
1281,131,2023-01-05,20,11,Google
1282,241,2023-04-06,8,14,LinkedIn
1283,352,2023-05-16,46,10,Facebook
1284,122,2023-01-07,2,3,Instagram
1285,352,2023-02-06,17,2,Facebook
1286,138,2023-05-14,37,2,Google
1287,127,2023-03-27,38,2,LinkedIn
1288,182,2023-01-10,4,11,Facebook
1289,58,2023-01-25,15,5,Google
1290,100,2023-05-22,34,3,Google
1291,141,2023-02-19,28,11,Facebook
1292,157,2023-03-02,20,8,Twitter
1293,263,2023-03-15,40,6,Facebook
1294,42,2023-06-01,20,8,Facebook
1295,113,2023-01-07,10,10,Twitter
1296,287,2023-03-05,56,3,Twitter
1297,186,2023-01-19,37,4,Google
1298,462,2023-03-26,49,7,Instagram
1299,311,2023-04-03,42,1,Google
1300,7,2023-04-03,3,5,Twitter
1301,272,2023-03-02,3,4,Google
1302,105,2023-03-15,27,4,Instagram
1303,393,2023-02-13,19,13,Twitter
1304,294,2023-04-25,36,6,LinkedIn
1305,213,2023-05-01,27,14,LinkedIn
1306,307,2023-05-26,20,6,Twitter
1307,343,2023-01-06,18,10,Twitter
1308,182,2023-03-22,29,2,Twitter
1309,262,2023-01-14,26,1,LinkedIn
1310,132,2023-05-13,10,11,Google
1311,485,2023-04-28,25,3,Facebook
1312,94,2023-06-01,40,12,Twitter
1313,269,2023-05-27,58,5,LinkedIn
1314,155,2023-04-19,19,6,LinkedIn
1315,452,2023-02-01,42,4,Google
1316,469,2023-03-17,13,4,Twitter
1317,103,2023-01-10,34,7,Twitter
1318,106,2023-02-04,9,12,LinkedIn
1319,358,2023-01-23,40,11,Facebook
1320,308,2023-04-03,19,2,Google
1321,450,2023-04-04,8,5,Facebook
1322,461,2023-05-07,5,1,Twitter
1323,29,2023-05-09,34,14,Google
1324,41,2023-01-16,11,6,LinkedIn
1325,51,2023-01-02,29,9,LinkedIn
1326,321,2023-01-23,35,10,Facebook
1327,150,2023-03-12,2,9,Twitter
1328,311,2023-04-01,43,8,Twitter
1329,333,2023-01-04,4,2,Twitter
1330,347,2023-04-23,35,14,Instagram
1331,403,2023-02-17,44,4,LinkedIn
1332,71,2023-04-18,15,10,Instagram
1333,210,2023-03-03,58,2,Instagram
1334,461,2023-01-17,10,10,Facebook
1335,314,2023-03-23,51,13,Twitter
1336,300,2023-05-26,48,8,LinkedIn
1337,381,2023-02-02,24,3,Twitter
1338,358,2023-05-04,50,9,LinkedIn
1339,293,2023-01-01,37,4,Twitter
1340,228,2023-05-26,18,5,Instagram
1341,275,2023-02-04,45,1,Instagram
1342,359,2023-05-16,51,12,LinkedIn
1343,457,2023-01-30,44,11,Twitter
1344,306,2023-04-19,27,13,Instagram
1345,130,2023-05-10,53,1,Instagram
1346,109,2023-01-13,49,2,Facebook
1347,378,2023-04-24,9,9,Google
1348,74,2023-05-20,34,5,Google
1349,382,2023-05-02,49,2,Instagram
1350,317,2023-04-15,2,3,LinkedIn
1351,249,2023-04-15,2,11,Google
1352,451,2023-04-10,59,2,Google
1353,309,2023-04-30,11,7,Google
1354,460,2023-01-31,7,7,Google
1355,239,2023-01-11,25,11,Instagram
1356,155,2023-05-27,46,4,LinkedIn
1357,252,2023-03-08,54,9,Instagram
1358,179,2023-05-30,9,10,Google
1359,431,2023-01-07,24,11,LinkedIn
1360,46,2023-04-25,4,14,Instagram
1361,465,2023-04-16,19,7,Facebook
1362,278,2023-03-18,3,5,Facebook
1363,149,2023-02-26,17,10,Google
1364,357,2023-01-30,11,1,Instagram
1365,47,2023-05-19,51,1,Facebook
1366,121,2023-05-06,26,14,Google
1367,195,2023-01-24,32,1,LinkedIn
1368,364,2023-05-20,51,9,Facebook
1369,232,2023-01-17,27,6,Facebook
1370,475,2023-01-25,14,10,Instagram
1371,168,2023-01-15,51,11,Facebook
1372,156,2023-01-30,4,5,Instagram
1373,9,2023-05-31,59,7,LinkedIn
1374,375,2023-02-19,32,11,Twitter
1375,492,2023-03-17,29,5,LinkedIn
1376,126,2023-03-14,49,12,Facebook
1377,92,2023-01-12,39,3,Facebook
1378,438,2023-02-28,56,10,Twitter
1379,432,2023-02-24,26,10,Google
1380,478,2023-04-18,36,13,Twitter
1381,445,2023-02-06,14,8,Facebook
1382,242,2023-04-13,44,9,LinkedIn
1383,302,2023-02-18,18,4,LinkedIn
1384,282,2023-04-20,4,10,LinkedIn
1385,51,2023-01-16,44,9,Twitter
1386,130,2023-03-21,41,13,Instagram
1387,91,2023-01-26,46,11,Google
1388,10,2023-05-06,25,13,Google
1389,115,2023-01-22,15,2,Twitter
1390,67,2023-05-21,48,7,Google
1391,124,2023-02-09,31,9,LinkedIn
1392,47,2023-05-23,29,7,Instagram
1393,349,2023-04-01,29,1,LinkedIn
1394,320,2023-04-12,29,8,LinkedIn
1395,355,2023-04-16,1,3,Twitter
1396,90,2023-04-24,12,8,Google
1397,277,2023-03-16,47,7,LinkedIn
1398,96,2023-03-04,16,8,Google
1399,441,2023-06-01,2,11,Google
1400,483,2023-02-09,56,6,Facebook
1401,362,2023-03-17,3,4,Twitter
1402,443,2023-02-02,3,7,Google
1403,96,2023-01-08,46,14,Twitter
1404,279,2023-03-11,25,7,Google
1405,237,2023-04-25,45,8,Twitter
1406,436,2023-03-07,40,1,LinkedIn
1407,115,2023-01-29,18,7,Instagram
1408,377,2023-01-07,24,7,Instagram
1409,315,2023-01-04,14,3,Facebook
1410,305,2023-03-21,8,8,Facebook
1411,310,2023-02-26,8,3,Twitter
1412,77,2023-01-08,52,5,Facebook
1413,265,2023-02-07,22,8,Instagram
1414,163,2023-01-21,14,1,Facebook
1415,134,2023-05-31,26,3,LinkedIn
1416,149,2023-03-13,15,10,Google
1417,266,2023-03-18,38,6,Google
1418,94,2023-04-14,19,5,Twitter
1419,209,2023-03-04,47,6,Instagram
1420,425,2023-04-18,46,13,LinkedIn
1421,50,2023-01-10,47,8,LinkedIn
1422,300,2023-03-20,46,11,Google
1423,243,2023-02-25,41,1,Google
1424,430,2023-03-30,4,6,Instagram
1425,33,2023-01-03,50,2,Facebook
1426,448,2023-01-14,41,13,LinkedIn
1427,332,2023-04-03,56,7,Facebook
1428,111,2023-01-11,28,1,Twitter
1429,96,2023-03-31,13,10,Twitter
1430,48,2023-02-16,41,11,Facebook
1431,227,2023-02-16,3,6,Facebook
1432,51,2023-01-27,24,10,Instagram
1433,292,2023-01-24,22,10,Google
1434,420,2023-02-25,48,7,LinkedIn
1435,150,2023-04-26,10,5,Instagram
1436,7,2023-02-19,44,7,Instagram
1437,182,2023-01-21,10,12,Instagram
1438,205,2023-02-16,29,5,Google
1439,174,2023-03-22,7,11,Instagram
1440,79,2023-02-08,4,3,Twitter
1441,319,2023-01-03,16,1,Instagram
1442,64,2023-04-16,28,11,Google
1443,236,2023-05-06,57,6,Google
1444,82,2023-01-28,29,14,Google
1445,282,2023-01-26,42,4,Facebook
1446,494,2023-01-18,10,4,Twitter
1447,170,2023-04-01,55,6,Facebook
1448,313,2023-05-23,51,1,Instagram
1449,211,2023-03-09,41,1,LinkedIn
1450,265,2023-05-09,10,14,LinkedIn
1451,190,2023-04-30,36,4,LinkedIn
1452,64,2023-04-10,46,8,Facebook
1453,284,2023-04-05,27,9,Instagram
1454,443,2023-04-06,8,4,Twitter
1455,38,2023-04-15,52,10,Facebook
1456,186,2023-04-18,41,4,Twitter
1457,51,2023-02-05,52,5,Twitter
1458,406,2023-05-12,14,5,Instagram
1459,308,2023-03-29,1,2,Facebook
1460,73,2023-05-29,49,2,Instagram
1461,414,2023-05-25,3,11,Instagram
1462,113,2023-03-08,56,8,Facebook
1463,455,2023-05-29,36,1,Twitter
1464,431,2023-02-16,7,6,Google
1465,463,2023-02-05,4,14,Facebook
1466,229,2023-01-16,33,6,LinkedIn
1467,101,2023-03-15,4,8,Twitter
1468,73,2023-02-18,56,1,LinkedIn
1469,147,2023-01-22,21,9,Google
1470,329,2023-02-28,35,4,Twitter
1471,403,2023-05-27,8,13,Instagram
1472,427,2023-03-16,44,8,Twitter
1473,269,2023-05-29,17,2,LinkedIn
1474,230,2023-05-31,35,2,Twitter
1475,225,2023-01-26,30,3,Google
1476,443,2023-01-16,42,3,LinkedIn
1477,175,2023-04-06,55,13,Instagram
1478,243,2023-02-22,11,10,Twitter
1479,132,2023-02-28,3,1,Facebook
1480,366,2023-02-07,4,7,Google
1481,472,2023-01-29,41,6,Instagram
1482,429,2023-04-11,34,14,Google
1483,9,2023-02-08,45,3,Instagram
1484,448,2023-05-13,53,6,LinkedIn
1485,38,2023-04-05,58,3,Google
1486,96,2023-05-22,52,2,Facebook
1487,346,2023-02-24,1,13,Google
1488,413,2023-05-08,9,5,Twitter
1489,447,2023-01-20,9,11,LinkedIn
1490,408,2023-01-08,50,1,Twitter
1491,198,2023-05-29,43,12,Facebook
1492,469,2023-02-23,59,10,Instagram
1493,165,2023-03-13,2,2,Google
1494,148,2023-01-25,19,6,Google
1495,158,2023-04-07,3,14,LinkedIn
1496,110,2023-02-10,19,7,Instagram
1497,111,2023-01-28,29,1,Facebook
1498,108,2023-03-22,20,13,Google
1499,245,2023-01-27,29,12,Instagram
1500,127,2023-06-01,43,3,Twitter
